table,index,name,demangled,type,binding
.dynsym,1,__cxa_finalize,__cxa_finalize,STT_FUNC,STB_GLOBAL
.dynsym,2,__cxa_atexit,__cxa_atexit,STT_FUNC,STB_GLOBAL
.dynsym,4,sysconf,sysconf,STT_FUNC,STB_GLOBAL
.dynsym,13,dlopen,dlopen,STT_FUNC,STB_GLOBAL
.dynsym,15,strcmp,strcmp,STT_FUNC,STB_GLOBAL
.dynsym,16,glGetShaderiv,glGetShaderiv,STT_FUNC,STB_GLOBAL
.dynsym,18,strlen,strlen,STT_FUNC,STB_GLOBAL
.dynsym,21,strncat,strncat,STT_FUNC,STB_GLOBAL
.dynsym,24,strstr,strstr,STT_FUNC,STB_GLOBAL
.dynsym,26,strcat,strcat,STT_FUNC,STB_GLOBAL
.dynsym,28,__aeabi_memcpy,__aeabi_memcpy,STT_FUNC,STB_GLOBAL
.dynsym,32,__android_log_print,__android_log_print,STT_FUNC,STB_GLOBAL
.dynsym,33,realloc,realloc,STT_FUNC,STB_GLOBAL
.dynsym,35,glShaderSource,glShaderSource,STT_FUNC,STB_GLOBAL
.dynsym,36,free,free,STT_FUNC,STB_GLOBAL
.dynsym,39,__stack_chk_fail,__stack_chk_fail,STT_FUNC,STB_GLOBAL
.dynsym,42,__stack_chk_guard,__stack_chk_guard,STT_OBJECT,STB_GLOBAL
.dynsym,43,glGetString,glGetString,STT_FUNC,STB_GLOBAL
.dynsym,46,mprotect,mprotect,STT_FUNC,STB_GLOBAL
.dynsym,47,__errno,__errno,STT_FUNC,STB_GLOBAL
.dynsym,48,strerror,strerror,STT_FUNC,STB_GLOBAL
.dynsym,53,malloc,malloc,STT_FUNC,STB_GLOBAL
.dynsym,56,glGetError,glGetError,STT_FUNC,STB_GLOBAL
.dynsym,57,glTexImage2D,glTexImage2D,STT_FUNC,STB_GLOBAL
.dynsym,71,glViewport,glViewport,STT_FUNC,STB_GLOBAL
.dynsym,73,glScissor,glScissor,STT_FUNC,STB_GLOBAL
.dynsym,75,fopen,fopen,STT_FUNC,STB_GLOBAL
.dynsym,76,fscanf,fscanf,STT_FUNC,STB_GLOBAL
.dynsym,77,fclose,fclose,STT_FUNC,STB_GLOBAL
.dynsym,79,__aeabi_memmove,__aeabi_memmove,STT_FUNC,STB_GLOBAL
.dynsym,82,dlsym,dlsym,STT_FUNC,STB_GLOBAL
.dynsym,83,strncmp,strncmp,STT_FUNC,STB_GLOBAL
.dynsym,85,getpid,getpid,STT_FUNC,STB_GLOBAL
.dynsym,91,__aeabi_memcpy4,__aeabi_memcpy4,STT_FUNC,STB_GLOBAL
.dynsym,94,getuid,getuid,STT_FUNC,STB_GLOBAL
.dynsym,106,snprintf,snprintf,STT_FUNC,STB_GLOBAL
.dynsym,107,readlink,readlink,STT_FUNC,STB_GLOBAL
.dynsym,108,sprintf,sprintf,STT_FUNC,STB_GLOBAL
.dynsym,110,time,time,STT_FUNC,STB_GLOBAL
.dynsym,113,open,open,STT_FUNC,STB_GLOBAL
.dynsym,114,read,read,STT_FUNC,STB_GLOBAL
.dynsym,115,close,close,STT_FUNC,STB_GLOBAL
.dynsym,116,lseek,lseek,STT_FUNC,STB_GLOBAL
.dynsym,117,exit,exit,STT_FUNC,STB_GLOBAL
.dynsym,119,fgets,fgets,STT_FUNC,STB_GLOBAL
.dynsym,120,printf,printf,STT_FUNC,STB_GLOBAL
.dynsym,121,strtok,strtok,STT_FUNC,STB_GLOBAL
.dynsym,122,sscanf,sscanf,STT_FUNC,STB_GLOBAL
.dynsym,123,strcpy,strcpy,STT_FUNC,STB_GLOBAL
.dynsym,124,strrchr,strrchr,STT_FUNC,STB_GLOBAL
.dynsym,125,strncpy,strncpy,STT_FUNC,STB_GLOBAL
.dynsym,131,memcmp,memcmp,STT_FUNC,STB_GLOBAL
.dynsym,177,__aeabi_memclr8,__aeabi_memclr8,STT_FUNC,STB_GLOBAL
.dynsym,180,__aeabi_memset8,__aeabi_memset8,STT_FUNC,STB_GLOBAL
.dynsym,189,puts,puts,STT_FUNC,STB_GLOBAL
.dynsym,190,abort,abort,STT_FUNC,STB_GLOBAL
.dynsym,193,strtoul,strtoul,STT_FUNC,STB_GLOBAL
.dynsym,195,__aeabi_memset4,__aeabi_memset4,STT_FUNC,STB_GLOBAL
.dynsym,212,cacheflush,cacheflush,STT_FUNC,STB_GLOBAL
.dynsym,215,mmap,mmap,STT_FUNC,STB_GLOBAL
.dynsym,226,getenv,getenv,STT_FUNC,STB_GLOBAL
.dynsym,227,strchr,strchr,STT_FUNC,STB_GLOBAL
.dynsym,228,fprintf,fprintf,STT_FUNC,STB_GLOBAL
.dynsym,233,__sF,__sF,STT_OBJECT,STB_GLOBAL
.dynsym,241,getc,getc,STT_FUNC,STB_GLOBAL
.dynsym,242,fread,fread,STT_FUNC,STB_GLOBAL
.dynsym,243,ferror,ferror,STT_FUNC,STB_GLOBAL
.dynsym,244,clearerr,clearerr,STT_FUNC,STB_GLOBAL
.dynsym,247,__aeabi_memclr4,__aeabi_memclr4,STT_FUNC,STB_GLOBAL
.dynsym,277,__aeabi_memclr,__aeabi_memclr,STT_FUNC,STB_GLOBAL
.dynsym,283,fwrite,fwrite,STT_FUNC,STB_GLOBAL
.dynsym,284,fputc,fputc,STT_FUNC,STB_GLOBAL
.dynsym,289,strtoll,strtoll,STT_FUNC,STB_GLOBAL
.dynsym,295,__aeabi_memcpy8,__aeabi_memcpy8,STT_FUNC,STB_GLOBAL
.dynsym,310,strtod,strtod,STT_FUNC,STB_GLOBAL
.dynsym,314,calloc,calloc,STT_FUNC,STB_GLOBAL
.dynsym,322,floor,floor,STT_FUNC,STB_GLOBAL
.dynsym,329,vsnprintf,vsnprintf,STT_FUNC,STB_GLOBAL
.dynsym,342,strdup,strdup,STT_FUNC,STB_GLOBAL
.dynsym,355,lrand48,lrand48,STT_FUNC,STB_GLOBAL
.dynsym,540,msync,msync,STT_FUNC,STB_GLOBAL
.dynsym,545,munmap,munmap,STT_FUNC,STB_GLOBAL
.dynsym,548,perror,perror,STT_FUNC,STB_GLOBAL
.dynsym,550,pthread_key_create,pthread_key_create,STT_FUNC,STB_GLOBAL
.dynsym,556,pthread_self,pthread_self,STT_FUNC,STB_GLOBAL
.dynsym,558,pthread_setspecific,pthread_setspecific,STT_FUNC,STB_GLOBAL
.dynsym,560,pthread_getspecific,pthread_getspecific,STT_FUNC,STB_GLOBAL
.dynsym,574,sigsetjmp,sigsetjmp,STT_FUNC,STB_GLOBAL
.dynsym,576,sigaction,sigaction,STT_FUNC,STB_GLOBAL
.dynsym,579,siglongjmp,siglongjmp,STT_FUNC,STB_GLOBAL
.dynsym,703,pthread_cond_wait,pthread_cond_wait,STT_FUNC,STB_GLOBAL
.dynsym,705,pthread_cond_broadcast,pthread_cond_broadcast,STT_FUNC,STB_GLOBAL
.dynsym,741,pthread_mutex_lock,pthread_mutex_lock,STT_FUNC,STB_GLOBAL
.dynsym,743,pthread_mutex_init,pthread_mutex_init,STT_FUNC,STB_GLOBAL
.dynsym,745,pthread_mutex_destroy,pthread_mutex_destroy,STT_FUNC,STB_GLOBAL
.dynsym,747,pthread_key_delete,pthread_key_delete,STT_FUNC,STB_GLOBAL
.dynsym,749,__assert2,__assert2,STT_FUNC,STB_GLOBAL
.dynsym,753,pthread_mutex_unlock,pthread_mutex_unlock,STT_FUNC,STB_GLOBAL
.dynsym,758,dlclose,dlclose,STT_FUNC,STB_GLOBAL
.dynsym,776,memalign,memalign,STT_FUNC,STB_GLOBAL
.dynsym,927,strtol,strtol,STT_FUNC,STB_GLOBAL
.dynsym,928,strtoull,strtoull,STT_FUNC,STB_GLOBAL
.dynsym,1048,strcasecmp,strcasecmp,STT_FUNC,STB_GLOBAL
.dynsym,1063,putchar,putchar,STT_FUNC,STB_GLOBAL
.dynsym,1207,__aeabi_memset,__aeabi_memset,STT_FUNC,STB_GLOBAL
.dynsym,1440,sin,sin,STT_FUNC,STB_GLOBAL
.dynsym,1441,cos,cos,STT_FUNC,STB_GLOBAL
.dynsym,1442,sqrtf,sqrtf,STT_FUNC,STB_GLOBAL
.dynsym,1443,exp,exp,STT_FUNC,STB_GLOBAL
.dynsym,1444,log,log,STT_FUNC,STB_GLOBAL
.dynsym,1445,exp2,exp2,STT_FUNC,STB_GLOBAL
.dynsym,1446,truncf,truncf,STT_FUNC,STB_GLOBAL
.dynsym,1447,ceilf,ceilf,STT_FUNC,STB_GLOBAL
.dynsym,1448,floorf,floorf,STT_FUNC,STB_GLOBAL
.dynsym,1449,pow,pow,STT_FUNC,STB_GLOBAL
.dynsym,1450,ldexp,ldexp,STT_FUNC,STB_GLOBAL
.dynsym,1589,fputs,fputs,STT_FUNC,STB_GLOBAL
.dynsym,1692,qsort,qsort,STT_FUNC,STB_GLOBAL
.dynsym,1860,fseek,fseek,STT_FUNC,STB_GLOBAL
.dynsym,1861,ftell,ftell,STT_FUNC,STB_GLOBAL
.dynsym,1896,strcspn,strcspn,STT_FUNC,STB_GLOBAL
.dynsym,1915,strspn,strspn,STT_FUNC,STB_GLOBAL
.dynsym,1967,memset,memset,STT_FUNC,STB_GLOBAL
.dynsym,1981,memcpy,memcpy,STT_FUNC,STB_GLOBAL
.dynsym,2380,__gnu_Unwind_Find_exidx,__gnu_Unwind_Find_exidx,STT_FUNC,STB_WEAK
.dynsym,2381,raise,raise,STT_FUNC,STB_GLOBAL
