address,declared_size,range_size,section,mode,end_inferred,class_group,assembly_file,aliases,counts
2336,4,4,.text,thumb,False,global-functions,global-functions-3d6ca95892b3-001.asm,"[{""name"": ""Java_com_samsung_zirconia_NativeInterface_checkLicenseFile2"", ""demangled"": ""Java_com_samsung_zirconia_NativeInterface_checkLicenseFile2""}]","{""instruction_bytes"": 4, ""instructions"": 2}"
2512,296,296,.text,thumb,False,global-functions,global-functions-3d6ca95892b3-001.asm,"[{""name"": ""Java_com_samsung_zirconia_NativeInterface_storeLicenseKey"", ""demangled"": ""Java_com_samsung_zirconia_NativeInterface_storeLicenseKey""}]","{""instruction_bytes"": 296, ""instructions"": 141}"
3168,190,190,.text,thumb,False,global-functions,global-functions-3d6ca95892b3-001.asm,"[{""name"": ""Java_com_samsung_zirconia_NativeInterface_doPassphraseTest"", ""demangled"": ""Java_com_samsung_zirconia_NativeInterface_doPassphraseTest""}]","{""instruction_bytes"": 190, ""instructions"": 89}"
3360,268,268,.text,thumb,False,global-functions,global-functions-3d6ca95892b3-001.asm,"[{""name"": ""CheckLicenseFile"", ""demangled"": ""CheckLicenseFile""}]","{""instruction_bytes"": 268, ""instructions"": 119}"
3628,176,176,.text,thumb,False,global-functions,global-functions-3d6ca95892b3-001.asm,"[{""name"": ""Java_com_samsung_zirconia_NativeInterface_checkLicenseFile"", ""demangled"": ""Java_com_samsung_zirconia_NativeInterface_checkLicenseFile""}]","{""instruction_bytes"": 176, ""instructions"": 87}"
3804,56,56,.text,thumb,False,global-functions,global-functions-3d6ca95892b3-001.asm,"[{""name"": ""SHA1Reset"", ""demangled"": ""SHA1Reset""}]","{""instruction_bytes"": 54, ""instructions"": 27, ""undecoded_bytes"": 2}"
3860,532,532,.text,thumb,False,global-functions,global-functions-3d6ca95892b3-001.asm,"[{""name"": ""SHA1ProcessMessageBlock"", ""demangled"": ""SHA1ProcessMessageBlock""}]","{""instruction_bytes"": 532, ""instructions"": 265}"
4392,98,98,.text,thumb,False,global-functions,global-functions-3d6ca95892b3-001.asm,"[{""name"": ""SHA1Input"", ""demangled"": ""SHA1Input""}]","{""instruction_bytes"": 98, ""instructions"": 48}"
4492,176,176,.text,thumb,False,global-functions,global-functions-3d6ca95892b3-001.asm,"[{""name"": ""SHA1PadMessage"", ""demangled"": ""SHA1PadMessage""}]","{""instruction_bytes"": 176, ""instructions"": 86}"
4668,36,36,.text,thumb,False,global-functions,global-functions-3d6ca95892b3-001.asm,"[{""name"": ""SHA1Result"", ""demangled"": ""SHA1Result""}]","{""instruction_bytes"": 36, ""instructions"": 17}"
