section,index,offset,type_id,type,symbol_table,symbol_index,symbol,demangled,addend,addend_kind
.rel.dyn,0,14176,23,R_ARM_RELATIVE,.dynsym,0,,,4704,raw-word-at-relocation
.rel.dyn,1,14180,23,R_ARM_RELATIVE,.dynsym,0,,,4724,raw-word-at-relocation
.rel.dyn,2,14184,23,R_ARM_RELATIVE,.dynsym,0,,,5752,raw-word-at-relocation
.rel.dyn,3,14188,23,R_ARM_RELATIVE,.dynsym,0,,,6780,raw-word-at-relocation
.rel.dyn,4,14192,23,R_ARM_RELATIVE,.dynsym,0,,,7808,raw-word-at-relocation
.rel.dyn,5,14196,23,R_ARM_RELATIVE,.dynsym,0,,,8836,raw-word-at-relocation
.rel.dyn,6,14468,21,R_ARM_GLOB_DAT,.dynsym,4,__stack_chk_guard,__stack_chk_guard,0,raw-word-at-relocation
.rel.plt,0,14404,22,R_ARM_JUMP_SLOT,.dynsym,7,wcslen,wcslen,2064,raw-word-at-relocation
.rel.plt,1,14408,22,R_ARM_JUMP_SLOT,.dynsym,10,tolower,tolower,2064,raw-word-at-relocation
.rel.plt,2,14412,22,R_ARM_JUMP_SLOT,.dynsym,11,malloc,malloc,2064,raw-word-at-relocation
.rel.plt,3,14416,22,R_ARM_JUMP_SLOT,.dynsym,15,__stack_chk_fail,__stack_chk_fail,2064,raw-word-at-relocation
.rel.plt,4,14420,22,R_ARM_JUMP_SLOT,.dynsym,18,strcat,strcat,2064,raw-word-at-relocation
.rel.plt,5,14424,22,R_ARM_JUMP_SLOT,.dynsym,22,strncpy,strncpy,2064,raw-word-at-relocation
.rel.plt,6,14428,22,R_ARM_JUMP_SLOT,.dynsym,23,memcmp,memcmp,2064,raw-word-at-relocation
.rel.plt,7,14432,22,R_ARM_JUMP_SLOT,.dynsym,24,fread,fread,2064,raw-word-at-relocation
.rel.plt,8,14436,22,R_ARM_JUMP_SLOT,.dynsym,25,fopen,fopen,2064,raw-word-at-relocation
.rel.plt,9,14440,22,R_ARM_JUMP_SLOT,.dynsym,27,memset,memset,2064,raw-word-at-relocation
.rel.plt,10,14444,22,R_ARM_JUMP_SLOT,.dynsym,28,fclose,fclose,2064,raw-word-at-relocation
.rel.plt,11,14448,22,R_ARM_JUMP_SLOT,.dynsym,31,sprintf,sprintf,2064,raw-word-at-relocation
.rel.plt,12,14452,22,R_ARM_JUMP_SLOT,.dynsym,32,__aeabi_uidivmod,__aeabi_uidivmod,2064,raw-word-at-relocation
.rel.plt,13,14456,22,R_ARM_JUMP_SLOT,.dynsym,33,fwrite,fwrite,2064,raw-word-at-relocation
.rel.plt,14,14460,22,R_ARM_JUMP_SLOT,.dynsym,36,strlen,strlen,2064,raw-word-at-relocation
.rel.plt,15,14464,22,R_ARM_JUMP_SLOT,.dynsym,41,free,free,2064,raw-word-at-relocation
