table,index,name,demangled,value,address,size,mode,type,binding,visibility,section_index,section
.dynsym,0,,,0,0,0,,STT_NOTYPE,STB_LOCAL,STV_DEFAULT,SHN_UNDEF,SHN_UNDEF
.dynsym,1,,,2276,2276,0,,STT_SECTION,STB_LOCAL,STV_DEFAULT,7,.text
.dynsym,2,,,14176,14176,0,,STT_SECTION,STB_LOCAL,STV_DEFAULT,11,.data.rel.ro
.dynsym,3,__exidx_end,__exidx_end,10080,10080,0,,STT_NOTYPE,STB_GLOBAL,STV_DEFAULT,SHN_ABS,SHN_ABS
.dynsym,4,__stack_chk_guard,__stack_chk_guard,0,0,0,,STT_OBJECT,STB_GLOBAL,STV_DEFAULT,SHN_UNDEF,SHN_UNDEF
.dynsym,5,Java_com_samsung_zirconia_NativeInterface_checkLicenseFile,Java_com_samsung_zirconia_NativeInterface_checkLicenseFile,3629,3628,176,thumb,STT_FUNC,STB_GLOBAL,STV_DEFAULT,7,.text
.dynsym,6,__aeabi_unwind_cpp_pr0,__aeabi_unwind_cpp_pr0,0,0,0,arm,STT_FUNC,STB_GLOBAL,STV_DEFAULT,SHN_UNDEF,SHN_UNDEF
.dynsym,7,wcslen,wcslen,0,0,0,arm,STT_FUNC,STB_GLOBAL,STV_DEFAULT,SHN_UNDEF,SHN_UNDEF
.dynsym,8,_bss_end__,_bss_end__,14484,14484,0,,STT_NOTYPE,STB_GLOBAL,STV_DEFAULT,SHN_ABS,SHN_ABS
.dynsym,9,Java_com_samsung_zirconia_NativeInterface_storeLicenseKey,Java_com_samsung_zirconia_NativeInterface_storeLicenseKey,2513,2512,296,thumb,STT_FUNC,STB_GLOBAL,STV_DEFAULT,7,.text
.dynsym,10,tolower,tolower,0,0,0,arm,STT_FUNC,STB_GLOBAL,STV_DEFAULT,SHN_UNDEF,SHN_UNDEF
.dynsym,11,malloc,malloc,0,0,0,arm,STT_FUNC,STB_GLOBAL,STV_DEFAULT,SHN_UNDEF,SHN_UNDEF
.dynsym,12,__bss_start__,__bss_start__,14472,14472,0,,STT_NOTYPE,STB_GLOBAL,STV_DEFAULT,SHN_ABS,SHN_ABS
.dynsym,13,__exidx_start,__exidx_start,9960,9960,0,,STT_NOTYPE,STB_GLOBAL,STV_DEFAULT,SHN_ABS,SHN_ABS
.dynsym,14,SHA1Result,SHA1Result,4669,4668,36,thumb,STT_FUNC,STB_GLOBAL,STV_DEFAULT,7,.text
.dynsym,15,__stack_chk_fail,__stack_chk_fail,0,0,0,arm,STT_FUNC,STB_GLOBAL,STV_DEFAULT,SHN_UNDEF,SHN_UNDEF
.dynsym,16,CheckLicenseFile,CheckLicenseFile,3361,3360,268,thumb,STT_FUNC,STB_GLOBAL,STV_DEFAULT,7,.text
.dynsym,17,SHA1PadMessage,SHA1PadMessage,4493,4492,176,thumb,STT_FUNC,STB_GLOBAL,STV_DEFAULT,7,.text
.dynsym,18,strcat,strcat,0,0,0,arm,STT_FUNC,STB_GLOBAL,STV_DEFAULT,SHN_UNDEF,SHN_UNDEF
.dynsym,19,SHA1Reset,SHA1Reset,3805,3804,56,thumb,STT_FUNC,STB_GLOBAL,STV_DEFAULT,7,.text
.dynsym,20,__bss_end__,__bss_end__,14484,14484,0,,STT_NOTYPE,STB_GLOBAL,STV_DEFAULT,SHN_ABS,SHN_ABS
.dynsym,21,SHA1Input,SHA1Input,4393,4392,98,thumb,STT_FUNC,STB_GLOBAL,STV_DEFAULT,7,.text
.dynsym,22,strncpy,strncpy,0,0,0,arm,STT_FUNC,STB_GLOBAL,STV_DEFAULT,SHN_UNDEF,SHN_UNDEF
.dynsym,23,memcmp,memcmp,0,0,0,arm,STT_FUNC,STB_GLOBAL,STV_DEFAULT,SHN_UNDEF,SHN_UNDEF
.dynsym,24,fread,fread,0,0,0,arm,STT_FUNC,STB_GLOBAL,STV_DEFAULT,SHN_UNDEF,SHN_UNDEF
.dynsym,25,fopen,fopen,0,0,0,arm,STT_FUNC,STB_GLOBAL,STV_DEFAULT,SHN_UNDEF,SHN_UNDEF
.dynsym,26,__bss_start,__bss_start,14472,14472,0,,STT_NOTYPE,STB_GLOBAL,STV_DEFAULT,SHN_ABS,SHN_ABS
.dynsym,27,memset,memset,0,0,0,arm,STT_FUNC,STB_GLOBAL,STV_DEFAULT,SHN_UNDEF,SHN_UNDEF
.dynsym,28,fclose,fclose,0,0,0,arm,STT_FUNC,STB_GLOBAL,STV_DEFAULT,SHN_UNDEF,SHN_UNDEF
.dynsym,29,Java_com_samsung_zirconia_NativeInterface_doPassphraseTest,Java_com_samsung_zirconia_NativeInterface_doPassphraseTest,3169,3168,190,thumb,STT_FUNC,STB_GLOBAL,STV_DEFAULT,7,.text
.dynsym,30,__end__,__end__,14484,14484,0,,STT_NOTYPE,STB_GLOBAL,STV_DEFAULT,SHN_ABS,SHN_ABS
.dynsym,31,sprintf,sprintf,0,0,0,arm,STT_FUNC,STB_GLOBAL,STV_DEFAULT,SHN_UNDEF,SHN_UNDEF
.dynsym,32,__aeabi_uidivmod,__aeabi_uidivmod,0,0,0,arm,STT_FUNC,STB_GLOBAL,STV_DEFAULT,SHN_UNDEF,SHN_UNDEF
.dynsym,33,fwrite,fwrite,0,0,0,arm,STT_FUNC,STB_GLOBAL,STV_DEFAULT,SHN_UNDEF,SHN_UNDEF
.dynsym,34,_edata,_edata,14472,14472,0,,STT_NOTYPE,STB_GLOBAL,STV_DEFAULT,SHN_ABS,SHN_ABS
.dynsym,35,_end,_end,14484,14484,0,,STT_NOTYPE,STB_GLOBAL,STV_DEFAULT,SHN_ABS,SHN_ABS
.dynsym,36,strlen,strlen,0,0,0,arm,STT_FUNC,STB_GLOBAL,STV_DEFAULT,SHN_UNDEF,SHN_UNDEF
.dynsym,37,__aeabi_unwind_cpp_pr1,__aeabi_unwind_cpp_pr1,0,0,0,arm,STT_FUNC,STB_GLOBAL,STV_DEFAULT,SHN_UNDEF,SHN_UNDEF
.dynsym,38,Java_com_samsung_zirconia_NativeInterface_checkLicenseFile2,Java_com_samsung_zirconia_NativeInterface_checkLicenseFile2,2337,2336,4,thumb,STT_FUNC,STB_GLOBAL,STV_DEFAULT,7,.text
.dynsym,39,__data_start,__data_start,14472,14472,0,,STT_NOTYPE,STB_GLOBAL,STV_DEFAULT,14,.bss
.dynsym,40,SHA1ProcessMessageBlock,SHA1ProcessMessageBlock,3861,3860,532,thumb,STT_FUNC,STB_GLOBAL,STV_DEFAULT,7,.text
.dynsym,41,free,free,0,0,0,arm,STT_FUNC,STB_GLOBAL,STV_DEFAULT,SHN_UNDEF,SHN_UNDEF
