format_id	row_file_offset	row_sha256	row_hex	pfd_u32_00	byte_14	byte_15	byte_16	byte_17	byte_19	byte_1b	byte_24	byte_25	byte_27	getPackedType
0	9320128	f7a99f2e4d2e603ee93a32460b1b028768e95e1bb0eafa1ddf33fb3dbb9db040	04000000ff000000ff000000ff00000000000000000108010808080000000000000000ff01010100	0x00000004	0x00	0x01	0x08	0x01	0x08	0x00	0x01	0x01	0x00	0x00
1	9320168	cbfa3b4fac74a52989a696ee400a748d4537ae3d264471c42e09bf36384bf2ae	04000000ffff0000ffff0000ffff000000000000010210011010100000000000000000ff01010100	0x00000004	0x01	0x02	0x10	0x01	0x10	0x00	0x01	0x01	0x00	0x01
2	9320208	051ed3dbca45108fd00fc897c7dfda4ad81fd787554c72074b3cf005dc9b6d26	01000000000000000000000000000000ff000000000108010000000800000000ffffff0001010100	0x00000001	0x00	0x01	0x08	0x01	0x00	0x08	0x01	0x01	0x00	0x00
3	9320248	6f9627233f3155041bb8288d2c8d532e5933cfda3b85eba83f185abe82e3f495	0500000000ff000000ff000000ff0000ff0000000002100208000008080000000101010001010100	0x00000005	0x00	0x02	0x10	0x02	0x00	0x08	0x01	0x01	0x00	0x01
4	9320288	9c142a3384aa1e7513d6dc448c106d7ec769733f0dda6c4d54b7d977518f2024	05000000ff000000ff000000ff00000000ff00000002100208000008000000080000000101010100	0x00000005	0x00	0x02	0x10	0x02	0x00	0x08	0x01	0x01	0x00	0x01
5	9320328	d5a071aa04a8eb7aeec91a528e9694de4e7e897a2fc97789ad7815cadba3b39b	4000000000f80000e00700001f0000000000000001021003050605000b050000ffffffff01010100	0x00000040	0x01	0x02	0x10	0x03	0x06	0x00	0x01	0x01	0x00	0x01
6	9320368	fbb78b7c9e7cf14d94358dcb5b46fb0dd6eac9a431b2c6df145bb65b95189087	41000000000f0000f00000000f00000000f0000001021004040404040804000cffffffff01010100	0x00000041	0x01	0x02	0x10	0x04	0x04	0x04	0x01	0x01	0x00	0x01
7	9320408	3c728a9b1bfad11d33941178d37b09c0249b2ca3b9c1ab309a729aeb98a4a159	4100000000f00000000f0000f00000000f00000001021004040404040c080400ffffffff01010100	0x00000041	0x01	0x02	0x10	0x04	0x04	0x04	0x01	0x01	0x00	0x01
8	9320448	d667b721a7a6b09820fb5b77736a6eb1d28b5f520f09973678d6935cc3d7086e	41000000007c0000e00300001f0000000080000001021004050505010a05000fffffffff01010100	0x00000041	0x01	0x02	0x10	0x04	0x05	0x01	0x01	0x01	0x00	0x01
9	9320488	7e4efa71004949e424479c3fc3765243bb34289bd7b254ebcf2bbad34d9756ca	4100000000f80000c00700003e0000000100000001021004050505010b060100ffffffff01010100	0x00000041	0x01	0x02	0x10	0x04	0x05	0x01	0x01	0x01	0x00	0x01
10	9320528	fc49581bdf53a0d570b719be36af2594fa4effc75c2763b28e3212673a31f147	00000000ff00000000ff00000000ff0000000000000318030808080000081000000102ff01010100	0x00000000	0x00	0x03	0x18	0x03	0x08	0x00	0x01	0x01	0x00	0x02
11	9320568	090348a522f3cb45412c19dfcc4670ac98175527e265411308b75e45e96b69db	000000000000ff0000ff0000ff00000000000000000318030808080010080000020100ff01010100	0x00000000	0x00	0x03	0x18	0x03	0x08	0x00	0x01	0x01	0x00	0x02
12	9320608	74f0756d10795318b14361ce1e158dfb87f59cf66afa307864792933b207341f	0100000000ff00000000ff00000000ffff0000000004200408080808081018000102030001010100	0x00000001	0x00	0x04	0x20	0x04	0x08	0x08	0x01	0x01	0x00	0x02
13	9320648	6b0b035b5931461b875bcc9183e404e60394cd73183984f547bb1a6ce6670e9a	010000000000ff0000ff0000ff000000000000ff0004200408080808100800180201000301010100	0x00000001	0x00	0x04	0x20	0x04	0x08	0x08	0x01	0x01	0x00	0x02
14	9320688	201a81fbfcf22554099b644e37915ad28fafc2e43a76047b237b743e967b3f1b	01000000ff00000000ff00000000ff00000000ff0004200408080808000810180001020301010100	0x00000001	0x00	0x04	0x20	0x04	0x08	0x08	0x01	0x01	0x00	0x02
15	9320728	806667cdf3b4948d501d8012a4ceefa5014e13af92d4b5782f0c7b523db20240	01000000000000ff0000ff0000ff0000ff0000000004200408080808181008000302010001010100	0x00000001	0x00	0x04	0x20	0x04	0x08	0x08	0x01	0x01	0x00	0x02
16	9320768	0d1f961880df5f10f9ab04e44d9d26d573b965226b04d7cdab85d2e55bf31af9	41000000ff03000000fc0f000000f03f000000c0020420040a0a0a02000a141effffffff01010100	0x00000041	0x02	0x04	0x20	0x04	0x0a	0x02	0x01	0x01	0x00	0x02
17	9320808	f4b047182bac6f4e28a1926edd888aac3cbe8e7c178913d7a0e56002bf559e56	0800000000000000000000000000000000000000000804030000000000000000ffffffff04040100	0x00000008	0x00	0x08	0x04	0x03	0x00	0x00	0x04	0x04	0x00	0x02
18	9320848	3738ab787614da2f1cdc5718e6740afbcdf96ede52b2825fbef5ed9a6d7009ef	0900000000000000000000000000000000000000000804040000000000000000ffffffff04040100	0x00000009	0x00	0x08	0x04	0x04	0x00	0x00	0x04	0x04	0x00	0x02
19	9320888	3145ede3dc8ab7b3257a1a56ce02252f8317aa5b0b4e990c81adb71a156bd13b	0900000000000000000000000000000000000000001008040000000000000000ffffffff04040100	0x00000009	0x00	0x10	0x08	0x04	0x00	0x00	0x04	0x04	0x00	0x02
20	9320928	3145ede3dc8ab7b3257a1a56ce02252f8317aa5b0b4e990c81adb71a156bd13b	0900000000000000000000000000000000000000001008040000000000000000ffffffff04040100	0x00000009	0x00	0x10	0x08	0x04	0x00	0x00	0x04	0x04	0x00	0x02
21	9320968	2aa00ce973bb2c90419106cd494aaef140425b1f30be82fb23b999e736b547d6	0800000000000000000000000000000000000000000808030000000000000000ffffffff04040100	0x00000008	0x00	0x08	0x08	0x03	0x00	0x00	0x04	0x04	0x00	0x02
22	9321008	3145ede3dc8ab7b3257a1a56ce02252f8317aa5b0b4e990c81adb71a156bd13b	0900000000000000000000000000000000000000001008040000000000000000ffffffff04040100	0x00000009	0x00	0x10	0x08	0x04	0x00	0x00	0x04	0x04	0x00	0x02
23	9321048	3145ede3dc8ab7b3257a1a56ce02252f8317aa5b0b4e990c81adb71a156bd13b	0900000000000000000000000000000000000000001008040000000000000000ffffffff04040100	0x00000009	0x00	0x10	0x08	0x04	0x00	0x00	0x04	0x04	0x00	0x02
24	9321088	889c120e0bedcee5d5b1bc1973c658dbaf417fad6a211e4292092a9debb0d5e7	0800000000000000000000000000000000000000000802030000000000000000ffffffff08040120	0x00000008	0x00	0x08	0x02	0x03	0x00	0x00	0x08	0x04	0x20	0x02
25	9321128	b78ba1fb75e27f5767aae15c64c66229d01c6f6955eb5a5378027005b3372e18	0900000000000000000000000000000000000000000802040000000000000000ffffffff08040120	0x00000009	0x00	0x08	0x02	0x04	0x00	0x00	0x08	0x04	0x20	0x02
26	9321168	73eb16cbec837643b8cdbfd71fae742a63ae0aefe4778f83e0481fe8ce1f09be	0800000000000000000000000000000000000000000804030000000000000000ffffffff04040120	0x00000008	0x00	0x08	0x04	0x03	0x00	0x00	0x04	0x04	0x20	0x02
27	9321208	31d9175c5371ac801fb59a3e51ab5443727292d7498ed23ffc6e2db15457af8a	0900000000000000000000000000000000000000000804040000000000000000ffffffff04040120	0x00000009	0x00	0x08	0x04	0x04	0x00	0x00	0x04	0x04	0x20	0x02
28	9321248	41e74c07b34b283b93aff04fb57217043315fe667c981a09505270c744bb45c5	0200000000000000000000000000000000000000030630031010100000000000000102ff01010100	0x00000002	0x03	0x06	0x30	0x03	0x10	0x00	0x01	0x01	0x00	0xff
29	9321288	d034ec40b8a522a8fced6d4c9370485b13e26f6eec805b7b03d34c35c1c18009	03000000000000000000000000000000000000000308400410101010000000000001020301010100	0x00000003	0x03	0x08	0x40	0x04	0x10	0x10	0x01	0x01	0x00	0xff
30	9321328	5f14d1bc2f1080e60759a6f43ca782f42a38f6f0306fd384908442b5d4a5aa51	0200000000000000000000000000000000000000040c60032020200000000000000102ff01010100	0x00000002	0x04	0x0c	0x60	0x03	0x20	0x00	0x01	0x01	0x00	0xff
31	9321368	9789bd92c674dc0507eea6f1d9e0e8de14a3e2893efcff17285194827bf06bf5	02000000000000000000000000000000000000000410800420202020000000000001020301010100	0x00000002	0x04	0x10	0x80	0x04	0x20	0x20	0x01	0x01	0x00	0xff
32	9321408	0f32c3276aa31a11cb8afa647431217895d511fecce99eb72f99da04ae171556	10000000ffff000000000000000000000000000001021001100000000000000000ffffff01010100	0x00000010	0x01	0x02	0x10	0x01	0x00	0x00	0x01	0x01	0x00	0x01
33	9321448	798860a9f1a9dfd529655ae51cd99516541a47df66d4d349dec2850f594d1838	5000000000ffffff00000000000000000000000002042001180000000800000000ffffff01010100	0x00000050	0x02	0x04	0x20	0x01	0x00	0x00	0x01	0x01	0x00	0x02
34	9321488	4c75879e6f8576334f72112ca1baed0608224855f5e6bc660ed4dddd198e15c4	10000000ffffffff00000000000000000000000002042001200000000000000000ffffff01010100	0x00000010	0x02	0x04	0x20	0x01	0x00	0x00	0x01	0x01	0x00	0x02
35	9321528	e07c0045f99c79d76bd96b33c159ab171c1b0838f6ca1dfa66cd180fe3f01005	7000000000ffffffff0000000000000000000000020420021808000008000000ffffffff01010100	0x00000070	0x02	0x04	0x20	0x02	0x08	0x00	0x01	0x01	0x00	0x02
36	9321568	bcccbe2dc8f60ff4e21aadb24d9c3fdfdcb6bd2fad1c9ae1b09d9c792aaaea56	60000000feffffff000000000000000000000000ff0101010100000000000000ffffffff01010100	0x00000060	0xff	0x01	0x01	0x01	0x00	0x00	0x01	0x01	0x00	0xff
37	9321608	a94fe856398868ec41832925aaffeab3c06b916b7d64b862cbf7cfbe1288e16a	60000000f8ffffff000000000000000000000000ff0104010400000000000000ffffffff01010100	0x00000060	0xff	0x01	0x04	0x01	0x00	0x00	0x01	0x01	0x00	0xff
38	9321648	d7c7a41d7ca6febc6bc5ee8ca785186cbf0dfef907fd6094874b93b119f2f694	20000000f0ffffff00000000000000000000000000010801080000000000000000ffffff01010100	0x00000020	0x00	0x01	0x08	0x01	0x00	0x00	0x01	0x01	0x00	0x00
39	9321688	84395626a11f937bbe9f17ef22875cfd67eed44c89afacbe73ddff75ef308654	0000000000000000000000000000000000000000000000000000000000000000ffffffff00000000	0x00000000	0x00	0x00	0x00	0x00	0x00	0x00	0x00	0x00	0x00	0x01
